# item id <TAB> emptied item id <TAB> void names - 667 Void donor item 'empty' keys (data/**/*.items.toml), 2026-09-24
91	229	guam_potion_unf	vial
93	229	marrentill_potion_unf	vial
95	229	tarromin_potion_unf	vial
97	229	harralander_potion_unf	vial
99	229	ranarr_potion_unf	vial
101	229	irit_potion_unf	vial
103	229	avantoe_potion_unf	vial
105	229	kwuarm_potion_unf	vial
107	229	cadantine_potion_unf	vial
109	229	dwarf_weed_potion_unf	vial
111	229	torstol_potion_unf	vial
113	229	strength_potion_4	vial
115	229	strength_potion_3	vial
117	229	strength_potion_2	vial
119	229	strength_potion_1	vial
121	229	attack_potion_3	vial
123	229	attack_potion_2	vial
125	229	attack_potion_1	vial
127	229	restore_potion_3	vial
129	229	restore_potion_2	vial
131	229	restore_potion_1	vial
133	229	defence_potion_3	vial
135	229	defence_potion_2	vial
137	229	defence_potion_1	vial
139	229	prayer_potion_3	vial
141	229	prayer_potion_2	vial
143	229	prayer_potion_1	vial
145	229	super_attack_3	vial
147	229	super_attack_2	vial
149	229	super_attack_1	vial
151	229	fishing_potion_3	vial
153	229	fishing_potion_2	vial
155	229	fishing_potion_1	vial
157	229	super_strength_3	vial
159	229	super_strength_2	vial
161	229	super_strength_1	vial
163	229	super_defence_3	vial
165	229	super_defence_2	vial
167	229	super_defence_1	vial
169	229	super_ranging_potion_3	vial
171	229	super_ranging_potion_2	vial
173	229	super_ranging_potion_1	vial
175	229	antipoison_3	vial
177	229	antipoison_2	vial
179	229	antipoison_1	vial
181	229	super_antipoison_3	vial
183	229	super_antipoison_2	vial
185	229	super_antipoison_1	vial
187	229	weapon_poison	vial
189	229	zamorak_brew_3	vial
191	229	zamorak_brew_2	vial
193	229	zamorak_brew_1	vial
227	229	vial_of_water	vial
585	583	bailing_bucket_full	bailing_bucket
702	229	unidentified_liquid	vial
723	721	golden_bowl_water	gold_bowl
724	721	golden_bowl_pure_water	gold_bowl
725	722	golden_bowl_blessed_water	blessed_gold_bowl
726	722	golden_bowl	blessed_gold_bowl
1783	1925	bucket_of_sand	bucket
1921	1923	bowl_of_water	bowl
1927	1925	bucket_of_milk	bucket
1929	1925	bucket_of_water	bucket
1933	1931	pot_of_flour	empty_pot
1937	1935	jug_of_water	jug
1991	1935	jug_of_bad_wine	jug
2428	229	attack_potion_4	vial
2430	229	restore_potion_4	vial
2432	229	defence_potion_4	vial
2434	229	prayer_potion_4	vial
2436	229	super_attack_4	vial
2438	229	fishing_potion_4	vial
2440	229	super_strength_4	vial
2442	229	super_defence_4	vial
2444	229	super_ranging_potion_4	vial
2446	229	antipoison_4	vial
2448	229	super_antipoison_4	vial
2450	229	zamorak_brew_4	vial
2452	229	antifire_4	vial
2454	229	antifire_3	vial
2456	229	antifire_2	vial
2458	229	antifire_1	vial
2483	229	lantadyme_potion_unf	vial
3002	229	toadflax_potion_unf	vial
3004	229	snapdragon_potion_unf	vial
3008	229	energy_potion_4	vial
3010	229	energy_potion_3	vial
3012	229	energy_potion_2	vial
3014	229	energy_potion_1	vial
3016	229	super_energy_4	vial
3018	229	super_energy_3	vial
3020	229	super_energy_2	vial
3022	229	super_energy_1	vial
3024	229	super_restore_4	vial
3026	229	super_restore_3	vial
3028	229	super_restore_2	vial
3030	229	super_restore_1	vial
3032	229	agility_potion_4	vial
3034	229	agility_potion_3	vial
3036	229	agility_potion_2	vial
3038	229	agility_potion_1	vial
3040	229	super_magic_potion_4	vial
3042	229	super_magic_potion_3	vial
3044	229	super_magic_potion_2	vial
3046	229	super_magic_potion_1	vial
3408	229	serum_207_4	vial
3410	229	serum_207_3	vial
3412	229	serum_207_2	vial
3414	229	serum_207_1	vial
3416	229	serum_208_4	vial
3417	229	serum_208_3	vial
3418	229	serum_208_2	vial
3419	229	serum_208_1	vial
3422	229	olive_oil_4	vial
3424	229	olive_oil_3	vial
3426	229	olive_oil_2	vial
3428	229	olive_oil_1	vial
3430	229	sacred_oil_4	vial
3432	229	sacred_oil_3	vial
3434	229	sacred_oil_2	vial
3436	229	sacred_oil_1	vial
4237	1923	nettle_water	bowl
4240	1923	milky_nettle_tea	bowl
4242	1980	cup_of_tea_nettle_tea	empty_cup
4243	1980	cup_of_milky_tea	empty_cup
4245	4244	cup_of_tea_ghosts_ahoy	porcelain_cup
4246	4244	cup_of_milky_tea_ghosts_ahoy	porcelain_cup
4255	1931	bonemeal_bones	empty_pot
4256	1931	bat_bonemeal	empty_pot
4257	1931	big_bonemeal	empty_pot
4258	1931	burnt_bonemeal	empty_pot
4259	1931	burnt_jogre_bonemeal	empty_pot
4260	1931	baby_dragon_bonemeal	empty_pot
4261	1931	dragon_bonemeal	empty_pot
4262	1931	wolf_bonemeal	empty_pot
4263	1931	small_ninja_monkey_bonemeal	empty_pot
4264	1931	medium_ninja_monkey_bonemeal	empty_pot
4265	1931	gorilla_bonemeal	empty_pot
4266	1931	bearded_gorilla_bonemeal	empty_pot
4267	1931	monkey_bonemeal	empty_pot
4268	1931	small_zombie_monkey_bonemeal	empty_pot
4269	1931	large_zombie_monkey_bonemeal	empty_pot
4270	1931	skeletal_monkey_bonemeal	empty_pot
4271	1931	jogre_bonemeal	empty_pot
4286	1925	bucket_of_slime	bucket
4417	229	guthix_rest_4	vial
4419	229	guthix_rest_3	vial
4421	229	guthix_rest_2	vial
4423	229	guthix_rest_1	vial
4456	1923	bowl_of_hot_water	bowl
4458	1980	cup_of_water	empty_cup
4460	1980	cup_of_hot_water	empty_cup
4462	1980	ruined_herb_tea	empty_cup
4464	1980	herb_tea_mix_harralander	empty_cup
4466	1980	herb_tea_mix_guam	empty_cup
4468	1980	herb_tea_mix_marrentill	empty_cup
4470	1980	herb_tea_mix_harralander_and_marrentill	empty_cup
4472	1980	herb_tea_mix_harralander_and_guam	empty_cup
4474	1980	herb_tea_mix_2_guams	empty_cup
4476	1980	herb_tea_mix_guam_and_marrentill	empty_cup
4478	1980	herb_tea_mix_harralander_marrentill_and_guam	empty_cup
4480	1980	herb_tea_mix_2_guams_and_marrentill	empty_cup
4482	1980	herb_tea_mix_2_guams_and_harralander	empty_cup
4601	1925	ugthanki_dung	bucket
4622	229	black_mushroom_ink	vial
4687	1925	bucket_of_sap	bucket
4693	1925	full_bucket	bucket
4840	229	rogues_purse_potion_unf	vial
4842	229	relicyms_balm_4	vial
4844	229	relicyms_balm_3	vial
4846	229	relicyms_balm_2	vial
4848	229	relicyms_balm_1	vial
4852	1931	zogre_bonemeal	empty_pot
4853	1931	fayrg_bonemeal	empty_pot
4854	1931	raurg_bonemeal	empty_pot
4855	1931	ourg_bonemeal	empty_pot
5378	5376	apples_1	basket
5380	5376	apples_2	basket
5382	5376	apples_3	basket
5384	5376	apples_4	basket
5386	5376	apples_5	basket
5388	5376	oranges_1	basket
5390	5376	oranges_2	basket
5392	5376	oranges_3	basket
5394	5376	oranges_4	basket
5396	5376	oranges_5	basket
5398	5376	strawberries_1	basket
5400	5376	strawberries_2	basket
5402	5376	strawberries_3	basket
5404	5376	strawberries_4	basket
5406	5376	strawberries_5	basket
5408	5376	bananas_1	basket
5410	5376	bananas_2	basket
5412	5376	bananas_3	basket
5414	5376	bananas_4	basket
5416	5376	bananas_5	basket
5615	1931	shaikahan_bonemeal	empty_pot
5935	229	coconut_milk	vial
5936	229	weapon_poison+_unf	vial
5937	229	weapon_poison+	vial
5939	229	weapon_poison++_unf	vial
5940	229	weapon_poison++	vial
5942	229	antipoison+_unf	vial
5943	229	antipoison+_4	vial
5945	229	antipoison+_3	vial
5947	229	antipoison+_2	vial
5949	229	antipoison+_1	vial
5951	229	antipoison++_unf	vial
5952	229	antipoison++_4	vial
5954	229	antipoison++_3	vial
5956	229	antipoison++_2	vial
5958	229	antipoison++_1	vial
5962	5376	tomatoes_2	basket
5964	5376	tomatoes_3	basket
5966	5376	tomatoes_4	basket
5968	5376	tomatoes_5	basket
5992	1925	apple_mush	bucket
6032	1925	compost	bucket
6034	1925	supercompost	bucket
6036	229	plant_cure	vial
6448	952	spadeful_of_coke	spade
6470	229	compost_potion_4	vial
6472	229	compost_potion_3	vial
6474	229	compost_potion_2	vial
6476	229	compost_potion_1	vial
6668	6667	fishbowl_water	fishbowl
6669	6667	fishbowl_seaweed	fishbowl
6685	229	saradomin_brew_4	vial
6687	229	saradomin_brew_3	vial
6689	229	saradomin_brew_2	vial
6691	229	saradomin_brew_1	vial
6712	1925	bucket_of_water_stagnant	bucket
6728	1931	dagannoth_bonemeal	empty_pot
6766	229	cat_antipoison	vial
6810	1931	wyvern_bonemeal	empty_pot
7090	1923	burnt_egg	bowl
7092	1923	burnt_onion	bowl
7094	1923	burnt_mushroom	bowl
7468	1931	pot_of_cornflour	empty_pot
7470	1931	cornflour_mixture	empty_pot
7471	1931	milky_mixture	empty_pot
7473	1931	brulee_egg	empty_pot
7474	1931	brulee_vanilla	empty_pot
7475	1931	brulee_raw	empty_pot
7476	1931	brulee_supreme	empty_pot
7652	229	guthix_balance_unf	vial
7654	229	guthix_balance_unf_2	vial
7656	229	guthix_balance_unf_3	vial
7658	229	guthix_balance_unf_4	vial
7660	229	guthix_balance_4	vial
7662	229	guthix_balance_3	vial
7664	229	guthix_balance_2	vial
7666	229	guthix_balance_1	vial
7692	7702	pot_of_tea_clay_4	teapot_clay
7730	7728	cup_of_tea_clay	empty_cup_player_owned_house
7731	7728	cup_of_tea_clay_milky	empty_cup_player_owned_house
7733	7732	cup_of_tea_white	porcelain_cup_white
7734	7732	cup_of_tea_white_milky	porcelain_cup_white
7736	7735	cup_of_tea_gold	porcelain_cup_gold
7737	7735	cup_of_tea_gold_milky	porcelain_cup_gold
7810	1935	jug_of_vinegar	jug
7811	1931	pot_of_vinegar	empty_pot
7813	1931	bone_in_vinegar_goblin_skull	empty_pot
7816	1931	bone_in_vinegar_bear_ribs	empty_pot
7819	1931	bone_in_vinegar_ram_skull	empty_pot
7822	1931	bone_in_vinegar_unicorn_bone	empty_pot
7825	1931	bone_in_vinegar_giant_rat_bone	empty_pot
7828	1931	bone_in_vinegar_giant_bat_wing	empty_pot
7831	1931	bone_in_vinegar_wolf_bone	empty_pot
7834	1931	bone_in_vinegar_bat_wing	empty_pot
7837	1931	bone_in_vinegar_rat_bone	empty_pot
7840	1931	bone_in_vinegar_baby_blue_dragon_bone	empty_pot
7843	1931	bone_in_vinegar_ogre_ribs	empty_pot
7846	1931	bone_in_vinegar_jogre_bone	empty_pot
7849	1931	bone_in_vinegar_zogre_bone	empty_pot
7852	1931	bone_in_vinegar_mogre_bone	empty_pot
7855	1931	bone_in_vinegar_monkey_paw	empty_pot
7858	1931	bone_in_vinegar_dagannoth_ribs	empty_pot
7861	1931	bone_in_vinegar_snake_spine	empty_pot
7864	1931	bone_in_vinegar_zombie_bone	empty_pot
7867	1931	bone_in_vinegar_werewolf_bone	empty_pot
7870	1931	bone_in_vinegar_moss_giant_bone	empty_pot
7873	1931	bone_in_vinegar_fire_giant_bone	empty_pot
7876	1931	bone_in_vinegar_ice_giant_ribs	empty_pot
7879	1931	bone_in_vinegar_terrorbird_wing	empty_pot
7882	1931	bone_in_vinegar_ghoul_bone	empty_pot
7885	1931	bone_in_vinegar_troll_bone	empty_pot
7888	1931	bone_in_vinegar_seagull_wing	empty_pot
7891	1931	bone_in_vinegar_undead_cow_ribs	empty_pot
7894	1931	bone_in_vinegar_experiment_bone	empty_pot
7897	1931	bone_in_vinegar_rabbit_bone	empty_pot
7900	1931	bone_in_vinegar_basilisk_bone	empty_pot
7903	1931	bone_in_vinegar_desert_lizard_bone	empty_pot
7906	1931	bone_in_vinegar_cave_goblin_skull	empty_pot
7909	1931	bone_in_vinegar_big_frog_leg	empty_pot
7912	1931	bone_in_vinegar_vulture_wing	empty_pot
7915	1931	bone_in_vinegar_jackal_bone	empty_pot
9019	229	magic_essence_unf	vial
9021	229	magic_essence_4	vial
9022	229	magic_essence_3	vial
9023	229	magic_essence_2	vial
9024	229	magic_essence_1	vial
9487	2026	wizard_blizzard_2	cocktail_glass
9510	2026	short_green_guy_2	cocktail_glass
9512	2026	pineapple_punch_2	cocktail_glass
9514	2026	fruit_blast_2	cocktail_glass
9516	2026	drunk_dragon_2	cocktail_glass
9518	2026	choc_saturday	cocktail_glass
9520	2026	blurberry_special_2	cocktail_glass
9592	1925	magic_glue	bucket
9593	1925	weird_gloop	bucket
9659	9660	bucket_of_water_meiyerditch	bucket_meiyerditch
9739	229	combat_potion_4	vial
9741	229	combat_potion_3	vial
9743	229	combat_potion_2	vial
9745	229	combat_potion_1	vial
9943	5418	sandbag	empty_sack
9998	229	hunter_potion_4	vial
10000	229	hunter_potion_3	vial
10002	229	hunter_potion_2	vial
10004	229	hunter_potion_1	vial
10909	229	mixture_step_1_4	vial
10911	229	mixture_step_1_3	vial
10913	229	mixture_step_1_2	vial
10915	229	mixture_step_1_1	vial
10917	229	mixture_step_2_4	vial
10919	229	mixture_step_2_3	vial
10921	229	mixture_step_2_2	vial
10923	229	mixture_step_2_1	vial
10925	229	sanfew_serum_4	vial
10927	229	sanfew_serum_3	vial
10929	229	sanfew_serum_2	vial
10931	229	sanfew_serum_1	vial
11204	229	shrink_me_quick	vial
11262	229	imp_repellent	vial
11264	229	anchovy_oil	vial
11429	229	attack_mix_2	vial
11431	229	attack_mix_1	vial
11433	229	antipoison_mix_2	vial
11435	229	antipoison_mix_1	vial
11437	229	relicyms_mix_2	vial
11439	229	relicyms_mix_1	vial
11441	229	strength_mix_1	vial
11443	229	strength_mix_2	vial
11445	229	combat_mix_2	vial
11447	229	combat_mix_1	vial
11449	229	restore_mix_2	vial
11451	229	restore_mix_1	vial
11453	229	energy_mix_2	vial
11455	229	energy_mix_1	vial
11457	229	defence_mix_2	vial
11459	229	defence_mix_1	vial
11461	229	agility_mix_2	vial
11463	229	agility_mix_1	vial
11465	229	prayer_mix_2	vial
11467	229	prayer_mix_1	vial
11469	229	super_attack_mix_2	vial
11471	229	super_attack_mix_1	vial
11473	229	super_antipoison_mix_2	vial
11475	229	super_antipoison_mix_1	vial
11477	229	fishing_mix_2	vial
11479	229	fishing_mix_1	vial
11481	229	super_energy_mix_2	vial
11483	229	super_energy_mix_1	vial
11485	229	super_strength_mix_2	vial
11487	229	super_strength_mix_1	vial
11489	229	magic_essence_mix_2	vial
11491	229	magic_essence_mix_1	vial
11493	229	super_restore_mix_2	vial
11495	229	super_restore_mix_1	vial
11497	229	super_defence_mix_2	vial
11499	229	super_defence_mix_1	vial
11501	229	antidote+_mix_2	vial
11503	229	antidote+_mix_1	vial
11505	229	antifire_mix_2	vial
11507	229	antifire_mix_1	vial
11509	229	super_ranging_mix_2	vial
11511	229	super_ranging_mix_1	vial
11513	229	super_magic_mix_2	vial
11515	229	super_magic_mix_1	vial
11517	229	hunting_mix_2	vial
11519	229	hunting_mix_1	vial
11521	229	zamorak_mix_2	vial
11523	229	zamorak_mix_1	vial
11809	229	goblin_potion_4	vial
11810	229	goblin_potion_3	vial
11811	229	goblin_potion_2	vial
11812	229	goblin_potion_1	vial
11971	11972	full_crate	empty_crate
12140	229	summoning_potion_4	vial
12142	229	summoning_potion_3	vial
12144	229	summoning_potion_2	vial
12146	229	summoning_potion_1	vial
12181	229	spirit_weed_potion_unf	vial
12650	1925	bucket_of_water_2008_easter_event	bucket
12652	1925	bucket_of_coal	bucket
14061	229	magic_unguent	vial
14062	229	broom_ointment	vial
14702	229	vial_of_mountain_water	vial
14816	1931	pot_of_wheat	empty_pot
14838	229	crafting_potion_4	vial
14840	229	crafting_potion_3	vial
14842	229	crafting_potion_2	vial
14844	229	crafting_potion_1	vial
14846	229	fletching_potion_4	vial
14848	229	fletching_potion_3	vial
14850	229	fletching_potion_2	vial
14852	229	fletching_potion_1	vial
14856	229	wergali_potion_unf	vial
14860	14859	seaweed_net_1	seaweed_net
15129	1931	bone_in_vinegar_foot_bone	empty_pot
15132	1931	bone_in_vinegar_sabre_like_teeth	empty_pot
15135	1931	bone_in_vinegar_long_sharp_claws	empty_pot
15138	1931	bone_in_vinegar_fibula_bone	empty_pot
15141	1931	bone_in_vinegar_hand_bone	empty_pot
15144	1931	bone_in_vinegar_green_dragon_tail_bone	empty_pot
15147	1931	bone_in_vinegar_blue_dragon_tail_bone	empty_pot
15150	1931	bone_in_vinegar_red_dragon_tail_bone	empty_pot
15153	1931	bone_in_vinegar_black_dragon_tail_bone	empty_pot
15156	1931	bone_in_vinegar_skeletal_wyvern_tail_bone	empty_pot
15159	1931	bone_in_vinegar_bronze_dragon_tail_bone	empty_pot
15162	1931	bone_in_vinegar_iron_dragon_tail_bone	empty_pot
15165	1931	bone_in_vinegar_steel_dragon_tail_bone	empty_pot
15168	1931	bone_in_vinegar_mithril_dragon_tail_bone	empty_pot
15171	1931	bone_in_vinegar_neck_bone	empty_pot
15174	1931	bone_in_vinegar_shoulder_bone	empty_pot
15177	1931	bone_in_vinegar_giant_snake_spine	empty_pot
15180	1931	bone_in_vinegar_pelvis_bone	empty_pot
15183	1931	bone_in_vinegar_femur_bone	empty_pot
15186	1931	bone_in_vinegar_humerus_bone	empty_pot
15300	229	recover_special_4	vial
15301	229	recover_special_3	vial
15302	229	recover_special_2	vial
15303	229	recover_special_1	vial
15304	229	super_antifire_4	vial
15305	229	super_antifire_3	vial
15306	229	super_antifire_2	vial
15307	229	super_antifire_1	vial
15308	229	extreme_attack_4	vial
15309	229	extreme_attack_3	vial
15310	229	extreme_attack_2	vial
15311	229	extreme_attack_1	vial
15312	229	extreme_strength_4	vial
15313	229	extreme_strength_3	vial
15314	229	extreme_strength_2	vial
15315	229	extreme_strength_1	vial
15316	229	extreme_defence_4	vial
15317	229	extreme_defence_3	vial
15318	229	extreme_defence_2	vial
15319	229	extreme_defence_1	vial
15320	229	extreme_magic_4	vial
15321	229	extreme_magic_3	vial
15322	229	extreme_magic_2	vial
15323	229	extreme_magic_1	vial
15324	229	extreme_ranging_4	vial
15325	229	extreme_ranging_3	vial
15326	229	extreme_ranging_2	vial
15327	229	extreme_ranging_1	vial
15328	229	super_prayer_4	vial
15329	229	super_prayer_3	vial
15330	229	super_prayer_2	vial
15331	229	super_prayer_1	vial
15332	229	overload_4	vial
15333	229	overload_3	vial
15334	229	overload_2	vial
15335	229	overload_1	vial
15427	1925	bucket_of_icy_water	bucket
15688	1923	bowl_of_black_mess	bowl
15689	1923	bowl_of_blue_glaze	bowl
15690	1923	bowl_of_red_glaze	bowl
15691	1923	bowl_of_yellow_glaze	bowl
15692	1923	bowl_of_orange_glaze	bowl
15693	1923	bowl_of_green_glaze	bowl
15694	1923	bowl_of_purple_glaze	bowl
15695	1923	bowl_of_vermillion_glaze	bowl
15696	1923	bowl_of_amber_glaze	bowl
15697	1923	bowl_of_chartreuse_glaze	bowl
15698	1923	bowl_of_aquamarine_glaze	bowl
15699	1923	bowl_of_indigo_glaze	bowl
15700	1923	bowl_of_magenta_glaze	bowl
17492	17490	vial_of_water_dungeoneering	vial_dungeoneering
17538	17490	sagewort_potion_unf	vial_dungeoneering
17556	17490	weak_magic_potion	vial_dungeoneering
17558	17490	weak_ranged_potion	vial_dungeoneering
17560	17490	weak_melee_potion	vial_dungeoneering
17562	17490	weak_defence_potion	vial_dungeoneering
17564	17490	weak_stat_restore_potion	vial_dungeoneering
17566	17490	antipoison_dungeoneering	vial_dungeoneering
17568	17490	weak_cure_potion	vial_dungeoneering
17570	17490	weak_rejuvenation_potion	vial_dungeoneering
17572	17490	weak_weapon_poison	vial_dungeoneering
17574	17490	weak_gatherers_potion	vial_dungeoneering
17576	17490	weak_artisans_potion	vial_dungeoneering
17578	17490	weak_naturalists_potion	vial_dungeoneering
17580	17490	weak_survivalists_potion	vial_dungeoneering
17582	17490	magic_potion_dungeoneering	vial_dungeoneering
17586	17490	melee_potion	vial_dungeoneering
17598	17490	gatherers_potion	vial_dungeoneering
18834	1931	frost_dragon_bonemeal	empty_pot
19839	19833	failed_moonshine	empty_moonshine_vial
19994	19996	juju_vial_of_water	juju_vial
19998	19996	erzille_potion_unf	juju_vial
19999	19996	ugune_potion_unf	juju_vial
20000	19996	argway_potion_unf	juju_vial
20001	19996	shengo_potion_unf	juju_vial
20002	19996	samaden_potion_unf	juju_vial
20003	19996	juju_mining_potion_4	juju_vial
20004	19996	juju_mining_potion_3	juju_vial
20005	19996	juju_mining_potion_2	juju_vial
20006	19996	juju_mining_potion_1	juju_vial
20007	19996	juju_cooking_potion_4	juju_vial
20008	19996	juju_cooking_potion_3	juju_vial
20009	19996	juju_cooking_potion_2	juju_vial
20010	19996	juju_cooking_potion_1	juju_vial
20011	19996	juju_farming_potion_4	juju_vial
20012	19996	juju_farming_potion_3	juju_vial
20013	19996	juju_farming_potion_2	juju_vial
20014	19996	juju_farming_potion_1	juju_vial
20015	19996	juju_woodcutting_potion_4	juju_vial
20016	19996	juju_woodcutting_potion_3	juju_vial
20017	19996	juju_woodcutting_potion_2	juju_vial
20018	19996	juju_woodcutting_potion_1	juju_vial
20019	19996	juju_fishing_potion_4	juju_vial
20020	19996	juju_fishing_potion_3	juju_vial
20021	19996	juju_fishing_potion_2	juju_vial
20022	19996	juju_fishing_potion_1	juju_vial
20023	19996	juju_hunter_potion_4	juju_vial
20024	19996	juju_hunter_potion_3	juju_vial
20025	19996	juju_hunter_potion_2	juju_vial
20026	19996	juju_hunter_potion_1	juju_vial
20027	19996	scentless_potion_4	juju_vial
20028	19996	scentless_potion_3	juju_vial
20029	19996	scentless_potion_2	juju_vial
20030	19996	scentless_potion_1	juju_vial
20031	19996	saradomins_blessing_4	juju_vial
20032	19996	saradomins_blessing_3	juju_vial
20033	19996	saradomins_blessing_2	juju_vial
20034	19996	saradomins_blessing_1	juju_vial
20035	19996	guthixs_gift_4	juju_vial
20036	19996	guthixs_gift_3	juju_vial
20037	19996	guthixs_gift_2	juju_vial
20038	19996	guthixs_gift_1	juju_vial
20039	19996	zamoraks_favour_4	juju_vial
20040	19996	zamoraks_favour_3	juju_vial
20041	19996	zamoraks_favour_2	juju_vial
20042	19996	zamoraks_favour_1	juju_vial
